id,name
1001,Guaraná Antarctica lata 350ml
1002,Guaraná Antarctica garrafa 2L
1003,Kit Guaraná Antarctica 6x350ml
1004,Pão de Queijo tradicional 1kg
1005,Pão de Queijo sabor alho e orégano 400g
1006,Polpa de fruta Maracujá 100g
1007,Polpa de fruta Goiaba 100g
1008,Polpa de fruta Açaí orgânica 400g
1009,Farofa pronta temperada 250g
1010,Farinha de mandioca torrada 500g
1011,Mandioca congelada 1kg
1012,Coxinha de frango congelada 1kg
1013,Promoção Coxinha + Guaraná
1014,Doce de leite cremoso 400g
1015,Leite condensado 395g
